trade_id,date,entry_time,exit_time,entry_price,exit_price,quantity,type,pnl,pnl_percentage,duration_minutes,signal,rvol_entry,vwap_deviation
1,2024-02-01,14:45,15:10,191.6429504006752,191.98199369825676,0,LONG,0.0,0.0,25,Slight VWAP Below,1.32,0.32
2,2024-02-02,14:45,15:11,195.3130870967585,196.19880645024102,0,LONG,0.0,0.0,26,Slight VWAP Below,2.11,1.87
3,2024-02-06,13:30,13:56,189.1280892122994,189.3459334371823,0,LONG,0.0,0.0,26,Strong VWAP Below,1.13,-1.36
4,2024-02-08,13:30,13:37,186.43834852300824,185.37638254700443,0,LONG,-0.0,-0.0,7,Slight VWAP Below,2.05,-0.17
5,2024-02-09,10:15,10:21,185.39686402846877,186.30435936390967,0,LONG,0.0,0.0,6,Strong VWAP Below,1.72,-1.4
6,2024-02-12,14:45,15:06,184.3990149505683,185.09071949248099,0,LONG,0.0,0.0,21,Strong VWAP Below,2.03,-1.05
7,2024-02-13,15:30,15:55,185.49124383586607,184.78271380981246,0,LONG,-0.0,-0.0,33,Slight VWAP Below,2.19,-0.02
8,2024-02-21,13:30,13:50,186.77360245469572,187.22144681818455,0,LONG,0.0,0.0,20,VWAP Below,1.86,-0.67
9,2024-02-27,14:45,15:24,192.3451328672629,193.26367645669106,0,LONG,0.0,0.0,39,Slight VWAP Below,1.95,0.37
