sweep_id,error,entries,rejections
0,'pnl',0,0
1,'pnl',0,0
3,'pnl',0,0
2,'pnl',0,0
4,'pnl',0,0
6,'pnl',0,0
5,'pnl',0,0
7,'pnl',0,0
8,'pnl',0,0
9,'pnl',0,0
11,'pnl',0,0
10,'pnl',0,0
12,'pnl',0,0
13,'pnl',0,0
14,'pnl',0,0
15,'pnl',0,0
17,'pnl',0,0
16,'pnl',0,0
18,'pnl',0,0
19,'pnl',0,0
20,'pnl',0,0
21,'pnl',0,0
22,'pnl',0,0
23,'pnl',0,0
24,'pnl',0,0
25,'pnl',0,0
26,'pnl',0,0
27,'pnl',0,0
28,'pnl',0,0
30,'pnl',0,0
29,'pnl',0,0
31,'pnl',0,0
32,'pnl',0,0
33,'pnl',0,0
35,'pnl',0,0
34,'pnl',0,0
36,'pnl',0,0
37,'pnl',0,0
39,'pnl',0,0
38,'pnl',0,0
40,'pnl',0,0
41,'pnl',0,0
42,'pnl',0,0
43,'pnl',0,0
44,'pnl',0,0
47,'pnl',0,0
45,'pnl',0,0
46,'pnl',0,0
48,'pnl',0,0
50,'pnl',0,0
51,'pnl',0,0
49,'pnl',0,0
52,'pnl',0,0
54,'pnl',0,0
53,'pnl',0,0
55,'pnl',0,0
56,'pnl',0,0
58,'pnl',0,0
57,'pnl',0,0
59,'pnl',0,0
60,'pnl',0,0
61,'pnl',0,0
62,'pnl',0,0
63,'pnl',0,0
64,'pnl',0,0
66,'pnl',0,0
65,'pnl',0,0
67,'pnl',0,0
68,'pnl',0,0
69,'pnl',0,0
70,'pnl',0,0
71,'pnl',0,0
72,'pnl',0,0
73,'pnl',0,0
74,'pnl',0,0
75,'pnl',0,0
77,'pnl',0,0
76,'pnl',0,0
78,'pnl',0,0
79,'pnl',0,0
80,'pnl',0,0
81,'pnl',0,0
82,'pnl',0,0
83,'pnl',0,0
85,'pnl',0,0
84,'pnl',0,0
86,'pnl',0,0
87,'pnl',0,0
88,'pnl',0,0
89,'pnl',0,0
90,'pnl',0,0
91,'pnl',0,0
92,'pnl',0,0
93,'pnl',0,0
94,'pnl',0,0
95,'pnl',0,0
97,'pnl',0,0
96,'pnl',0,0
98,'pnl',0,0
99,'pnl',0,0
101,'pnl',0,0
100,'pnl',0,0
102,'pnl',0,0
103,'pnl',0,0
105,'pnl',0,0
104,'pnl',0,0
106,'pnl',0,0
107,'pnl',0,0
109,'pnl',0,0
108,'pnl',0,0
110,'pnl',0,0
111,'pnl',0,0
113,'pnl',0,0
112,'pnl',0,0
114,'pnl',0,0
115,'pnl',0,0
116,'pnl',0,0
118,'pnl',0,0
117,'pnl',0,0
119,'pnl',0,0
120,'pnl',0,0
121,'pnl',0,0
122,'pnl',0,0
123,'pnl',0,0
124,'pnl',0,0
125,'pnl',0,0
126,'pnl',0,0
127,'pnl',0,0
128,'pnl',0,0
130,'pnl',0,0
129,'pnl',0,0
131,'pnl',0,0
132,'pnl',0,0
133,'pnl',0,0
134,'pnl',0,0
135,'pnl',0,0
136,'pnl',0,0
137,'pnl',0,0
138,'pnl',0,0
139,'pnl',0,0
140,'pnl',0,0
142,'pnl',0,0
141,'pnl',0,0
143,'pnl',0,0
144,'pnl',0,0
145,'pnl',0,0
146,'pnl',0,0
147,'pnl',0,0
148,'pnl',0,0
149,'pnl',0,0
150,'pnl',0,0
151,'pnl',0,0
152,'pnl',0,0
153,'pnl',0,0
154,'pnl',0,0
155,'pnl',0,0
156,'pnl',0,0
157,'pnl',0,0
158,'pnl',0,0
159,'pnl',0,0
160,'pnl',0,0
162,'pnl',0,0
163,'pnl',0,0
161,'pnl',0,0
164,'pnl',0,0
165,'pnl',0,0
166,'pnl',0,0
167,'pnl',0,0
168,'pnl',0,0
169,'pnl',0,0
170,'pnl',0,0
171,'pnl',0,0
172,'pnl',0,0
173,'pnl',0,0
174,'pnl',0,0
175,'pnl',0,0
176,'pnl',0,0
177,'pnl',0,0
178,'pnl',0,0
179,'pnl',0,0
180,'pnl',0,0
181,'pnl',0,0
182,'pnl',0,0
183,'pnl',0,0
184,'pnl',0,0
185,'pnl',0,0
186,'pnl',0,0
187,'pnl',0,0
188,'pnl',0,0
190,'pnl',0,0
189,'pnl',0,0
191,'pnl',0,0
192,'pnl',0,0
193,'pnl',0,0
194,'pnl',0,0
195,'pnl',0,0
196,'pnl',0,0
197,'pnl',0,0
198,'pnl',0,0
199,'pnl',0,0
200,'pnl',0,0
201,'pnl',0,0
202,'pnl',0,0
203,'pnl',0,0
205,'pnl',0,0
204,'pnl',0,0
206,'pnl',0,0
207,'pnl',0,0
208,'pnl',0,0
209,'pnl',0,0
210,'pnl',0,0
211,'pnl',0,0
214,'pnl',0,0
212,'pnl',0,0
213,'pnl',0,0
215,'pnl',0,0
217,'pnl',0,0
216,'pnl',0,0
218,'pnl',0,0
219,'pnl',0,0
221,'pnl',0,0
220,'pnl',0,0
222,'pnl',0,0
223,'pnl',0,0
224,'pnl',0,0
225,'pnl',0,0
226,'pnl',0,0
227,'pnl',0,0
228,'pnl',0,0
229,'pnl',0,0
230,'pnl',0,0
231,'pnl',0,0
232,'pnl',0,0
233,'pnl',0,0
234,'pnl',0,0
235,'pnl',0,0
236,'pnl',0,0
237,'pnl',0,0
238,'pnl',0,0
239,'pnl',0,0
240,'pnl',0,0
241,'pnl',0,0
242,'pnl',0,0
243,'pnl',0,0
245,'pnl',0,0
244,'pnl',0,0
246,'pnl',0,0
247,'pnl',0,0
248,'pnl',0,0
249,'pnl',0,0
250,'pnl',0,0
251,'pnl',0,0
254,'pnl',0,0
253,'pnl',0,0
252,'pnl',0,0
255,'pnl',0,0
256,'pnl',0,0
258,'pnl',0,0
257,'pnl',0,0
259,'pnl',0,0
260,'pnl',0,0
262,'pnl',0,0
261,'pnl',0,0
263,'pnl',0,0
264,'pnl',0,0
265,'pnl',0,0
266,'pnl',0,0
267,'pnl',0,0
268,'pnl',0,0
269,'pnl',0,0
270,'pnl',0,0
271,'pnl',0,0
272,'pnl',0,0
273,'pnl',0,0
274,'pnl',0,0
275,'pnl',0,0
276,'pnl',0,0
278,'pnl',0,0
277,'pnl',0,0
279,'pnl',0,0
282,'pnl',0,0
281,'pnl',0,0
280,'pnl',0,0
283,'pnl',0,0
286,'pnl',0,0
285,'pnl',0,0
284,'pnl',0,0
287,'pnl',0,0
288,'pnl',0,0
289,'pnl',0,0
290,'pnl',0,0
291,'pnl',0,0
292,'pnl',0,0
294,'pnl',0,0
295,'pnl',0,0
293,'pnl',0,0
296,'pnl',0,0
297,'pnl',0,0
298,'pnl',0,0
299,'pnl',0,0
300,'pnl',0,0
301,'pnl',0,0
303,'pnl',0,0
302,'pnl',0,0
305,'pnl',0,0
304,'pnl',0,0
306,'pnl',0,0
307,'pnl',0,0
308,'pnl',0,0
309,'pnl',0,0
310,'pnl',0,0
311,'pnl',0,0
312,'pnl',0,0
313,'pnl',0,0
314,'pnl',0,0
315,'pnl',0,0
316,'pnl',0,0
317,'pnl',0,0
318,'pnl',0,0
319,'pnl',0,0
320,'pnl',0,0
321,'pnl',0,0
323,'pnl',0,0
322,'pnl',0,0
324,'pnl',0,0
325,'pnl',0,0
326,'pnl',0,0
327,'pnl',0,0
328,'pnl',0,0
329,'pnl',0,0
330,'pnl',0,0
331,'pnl',0,0
332,'pnl',0,0
333,'pnl',0,0
334,'pnl',0,0
335,'pnl',0,0
336,'pnl',0,0
337,'pnl',0,0
338,'pnl',0,0
339,'pnl',0,0
340,'pnl',0,0
342,'pnl',0,0
341,'pnl',0,0
343,'pnl',0,0
344,'pnl',0,0
345,'pnl',0,0
346,'pnl',0,0
347,'pnl',0,0
348,'pnl',0,0
350,'pnl',0,0
349,'pnl',0,0
351,'pnl',0,0
352,'pnl',0,0
353,'pnl',0,0
354,'pnl',0,0
355,'pnl',0,0
356,'pnl',0,0
358,'pnl',0,0
357,'pnl',0,0
359,'pnl',0,0
360,'pnl',0,0
362,'pnl',0,0
361,'pnl',0,0
363,'pnl',0,0
364,'pnl',0,0
365,'pnl',0,0
366,'pnl',0,0
367,'pnl',0,0
368,'pnl',0,0
369,'pnl',0,0
370,'pnl',0,0
371,'pnl',0,0
372,'pnl',0,0
374,'pnl',0,0
373,'pnl',0,0
375,'pnl',0,0
376,'pnl',0,0
377,'pnl',0,0
378,'pnl',0,0
379,'pnl',0,0
380,'pnl',0,0
381,'pnl',0,0
382,'pnl',0,0
383,'pnl',0,0
384,'pnl',0,0
385,'pnl',0,0
387,'pnl',0,0
386,'pnl',0,0
388,'pnl',0,0
389,'pnl',0,0
390,'pnl',0,0
391,'pnl',0,0
392,'pnl',0,0
393,'pnl',0,0
394,'pnl',0,0
395,'pnl',0,0
396,'pnl',0,0
397,'pnl',0,0
398,'pnl',0,0
399,'pnl',0,0
400,'pnl',0,0
401,'pnl',0,0
402,'pnl',0,0
403,'pnl',0,0
404,'pnl',0,0
405,'pnl',0,0
406,'pnl',0,0
407,'pnl',0,0
408,'pnl',0,0
409,'pnl',0,0
410,'pnl',0,0
411,'pnl',0,0
412,'pnl',0,0
413,'pnl',0,0
414,'pnl',0,0
415,'pnl',0,0
416,'pnl',0,0
417,'pnl',0,0
418,'pnl',0,0
419,'pnl',0,0
420,'pnl',0,0
421,'pnl',0,0
422,'pnl',0,0
423,'pnl',0,0
424,'pnl',0,0
425,'pnl',0,0
426,'pnl',0,0
427,'pnl',0,0
428,'pnl',0,0
429,'pnl',0,0
430,'pnl',0,0
431,'pnl',0,0
432,'pnl',0,0
433,'pnl',0,0
434,'pnl',0,0
435,'pnl',0,0
436,'pnl',0,0
437,'pnl',0,0
438,'pnl',0,0
439,'pnl',0,0
440,'pnl',0,0
441,'pnl',0,0
442,'pnl',0,0
443,'pnl',0,0
444,'pnl',0,0
445,'pnl',0,0
446,'pnl',0,0
447,'pnl',0,0
448,'pnl',0,0
449,'pnl',0,0
450,'pnl',0,0
451,'pnl',0,0
452,'pnl',0,0
453,'pnl',0,0
454,'pnl',0,0
455,'pnl',0,0
456,'pnl',0,0
457,'pnl',0,0
458,'pnl',0,0
459,'pnl',0,0
460,'pnl',0,0
461,'pnl',0,0
462,'pnl',0,0
463,'pnl',0,0
464,'pnl',0,0
465,'pnl',0,0
466,'pnl',0,0
467,'pnl',0,0
468,'pnl',0,0
469,'pnl',0,0
470,'pnl',0,0
471,'pnl',0,0
472,'pnl',0,0
473,'pnl',0,0
474,'pnl',0,0
475,'pnl',0,0
476,'pnl',0,0
477,'pnl',0,0
478,'pnl',0,0
479,'pnl',0,0
480,'pnl',0,0
481,'pnl',0,0
482,'pnl',0,0
483,'pnl',0,0
484,'pnl',0,0
485,'pnl',0,0
486,'pnl',0,0
487,'pnl',0,0
488,'pnl',0,0
489,'pnl',0,0
490,'pnl',0,0
491,'pnl',0,0
492,'pnl',0,0
493,'pnl',0,0
494,'pnl',0,0
495,'pnl',0,0
496,'pnl',0,0
497,'pnl',0,0
498,'pnl',0,0
499,'pnl',0,0
500,'pnl',0,0
501,'pnl',0,0
502,'pnl',0,0
503,'pnl',0,0
504,'pnl',0,0
505,'pnl',0,0
506,'pnl',0,0
507,'pnl',0,0
508,'pnl',0,0
509,'pnl',0,0
510,'pnl',0,0
511,'pnl',0,0
512,'pnl',0,0
513,'pnl',0,0
514,'pnl',0,0
515,'pnl',0,0
516,'pnl',0,0
518,'pnl',0,0
517,'pnl',0,0
519,'pnl',0,0
520,'pnl',0,0
522,'pnl',0,0
521,'pnl',0,0
523,'pnl',0,0
524,'pnl',0,0
525,'pnl',0,0
526,'pnl',0,0
527,'pnl',0,0
528,'pnl',0,0
529,'pnl',0,0
530,'pnl',0,0
531,'pnl',0,0
532,'pnl',0,0
533,'pnl',0,0
534,'pnl',0,0
535,'pnl',0,0
536,'pnl',0,0
537,'pnl',0,0
538,'pnl',0,0
539,'pnl',0,0
540,'pnl',0,0
541,'pnl',0,0
542,'pnl',0,0
543,'pnl',0,0
544,'pnl',0,0
545,'pnl',0,0
546,'pnl',0,0
547,'pnl',0,0
548,'pnl',0,0
549,'pnl',0,0
550,'pnl',0,0
551,'pnl',0,0
552,'pnl',0,0
553,'pnl',0,0
554,'pnl',0,0
555,'pnl',0,0
556,'pnl',0,0
557,'pnl',0,0
558,'pnl',0,0
559,'pnl',0,0
560,'pnl',0,0
562,'pnl',0,0
561,'pnl',0,0
563,'pnl',0,0
564,'pnl',0,0
565,'pnl',0,0
566,'pnl',0,0
567,'pnl',0,0
568,'pnl',0,0
570,'pnl',0,0
569,'pnl',0,0
571,'pnl',0,0
572,'pnl',0,0
573,'pnl',0,0
574,'pnl',0,0
575,'pnl',0,0
