signal_timestamp,entry_timestamp,exit_timestamp,symbol,side,shares,entry_price,stop_loss,take_profit,exit_price,exit_reason,atr,stop_distance,gross_pnl,fee,spread,net_pnl,r_multiple
2025-07-01 14:19:00,2025-07-01 14:20:00,2025-07-01 14:35:00,LVS,LONG,1176,46.73,46.56005714285714,47.06988571428571,47.06988571428571,target,0.08497142857142848,0.16994285714285695,399.70559999999955,8.232,27.47724,363.9963599999996,2.0
2025-07-02 14:48:00,2025-07-02 14:49:00,2025-07-02 14:52:00,CNC,LONG,544,34.555,34.17445714285714,35.31608571428571,35.31608571428571,target,0.1902714285714277,0.3805428571428554,414.03062857142777,3.8080000000000003,9.398959999999999,400.8236685714278,2.0000000000000053
2025-07-02 14:51:00,2025-07-02 14:52:00,2025-07-02 15:17:00,CNC,LONG,552,34.485,34.09545714285714,35.26408571428571,35.26408571428571,target,0.19477142857142887,0.38954285714285775,430.05531428571385,3.864,9.51786,416.6734542857139,1.999999999999995
2025-07-07 14:08:00,2025-07-07 14:09:00,2025-07-07 14:44:00,TSLA,LONG,103,294.8123,292.6546714285714,299.12755714285714,292.6546714285714,stop,1.0788142857142873,2.1576285714285746,-222.23574285714318,0.721,15.18283345,-238.1395763071432,-1.0
2025-07-08 13:45:00,2025-07-08 13:46:00,2025-07-08 14:46:00,FSLR,LONG,75,171.28,168.39395714285715,177.0520857142857,171.21,time,1.4430214285714271,2.8860428571428542,-5.249999999999488,0.7,6.423,-12.37299999999949,-0.02425466407290025
2025-07-08 13:46:00,2025-07-08 13:47:00,2025-07-08 14:47:00,FSLR,LONG,81,170.33,167.6368142857143,175.71637142857145,171.26,time,1.346592857142856,2.693185714285712,75.32999999999825,0.7,6.898365000000001,67.73163499999825,0.34531595614327454
2025-07-08 13:49:00,2025-07-08 13:50:00,2025-07-08 14:50:00,FSLR,LONG,91,170.785,168.38238571428573,175.59022857142855,170.56,time,1.2013071428571382,2.4026142857142765,-20.474999999999483,0.7,7.7707175,-28.945717499999482,-0.0936479905816858
2025-07-08 14:04:00,2025-07-08 14:05:00,2025-07-08 14:22:00,FSLR,LONG,147,171.39,169.9012,174.36759999999998,169.9012,stop,0.7443999999999988,1.4887999999999977,-218.85359999999966,1.029,12.597164999999999,-232.47976499999965,-1.0
2025-07-08 14:05:00,2025-07-08 14:06:00,2025-07-08 14:27:00,FSLR,LONG,146,170.965,169.50334285714285,173.88831428571427,169.50334285714285,stop,0.7308285714285684,1.4616571428571368,-213.40194285714375,1.022,12.480445,-226.90438785714375,-1.0000000000000084
2025-07-08 13:43:00,2025-07-08 13:44:00,2025-07-08 14:44:00,ENPH,LONG,168,40.745,39.494342857142854,43.246314285714284,41.27,time,0.6253285714285717,1.2506571428571434,88.20000000000095,1.176,3.42258,83.60142000000096,0.419779316016727
2025-07-08 13:44:00,2025-07-08 13:45:00,2025-07-08 14:45:00,ENPH,LONG,222,40.99,40.03612857142857,42.89774285714286,41.265,time,0.4769357142857145,0.953871428571429,61.049999999999685,1.554,4.54989,54.946109999999685,0.28829881235865706
2025-07-08 13:46:00,2025-07-08 13:47:00,2025-07-08 14:47:00,ENPH,LONG,274,40.695,39.91972857142857,42.24554285714286,41.37,time,0.3876357142857145,0.775271428571429,184.94999999999922,1.9180000000000001,5.575215,177.45678499999923,0.8706628093386606
2025-07-08 13:47:00,2025-07-08 13:48:00,2025-07-08 14:48:00,ENPH,LONG,303,40.54,39.82687142857143,41.966257142857145,41.32,time,0.3565642857142858,0.7131285714285716,236.34000000000034,2.121,6.1418099999999995,228.07719000000034,1.0937719104950032
2025-07-08 14:07:00,2025-07-08 14:08:00,2025-07-08 14:31:00,ENPH,LONG,564,40.37,39.97818571428571,41.15362857142858,41.15362857142858,target,0.19590714285714483,0.39181428571428967,441.96651428571874,3.948,11.38434,426.63417428571876,2.0
2025-07-14 13:31:00,2025-07-14 13:32:00,2025-07-14 13:33:00,SNPS,LONG,106,568.325,566.1777428571429,572.6195142857143,572.6195142857143,target,1.0736285714285632,2.1472571428571263,455.21851428571426,0.742,30.121225000000003,424.35528928571426,2.000000000000015
2025-07-14 15:46:00,2025-07-14 15:47:00,2025-07-14 15:53:00,SNPS,SHORT,126,554.37,556.2503714285714,550.6092571428572,550.6092571428572,target,0.9401857142856979,1.8803714285713957,473.85359999998764,0.882,34.925309999999996,438.0462899999876,1.9999999999999827
2025-07-17 14:11:00,2025-07-17 14:12:00,2025-07-17 15:00:00,ELV,LONG,57,301.4908,297.21452857142856,310.0433428571428,310.0433428571428,target,2.138135714285714,4.276271428571428,487.49494285714184,0.7,8.592487799999999,478.20245505714183,1.9999999999999962
2025-07-22 13:38:00,2025-07-22 13:39:00,2025-07-22 14:39:00,IQV,SHORT,49,183.78,188.96714285714285,173.40571428571428,183.95,time,2.593571428571429,5.187142857142858,-8.329999999999387,0.7,4.50261,-13.532609999999387,-0.0327733406774969
2025-07-29 15:02:00,2025-07-29 15:03:00,2025-07-29 15:22:00,SNPS,SHORT,109,631.41,633.7485714285714,626.732857142857,633.7485714285714,stop,1.1692857142857227,2.3385714285714454,-254.90428571428401,0.763,34.411845,-290.079130714284,-0.9999999999999861
2025-07-30 14:11:00,2025-07-30 14:12:00,2025-07-30 14:14:00,ODFL,LONG,175,148.815,147.38845714285713,151.6680857142857,147.38845714285713,stop,0.7132714285714253,1.4265428571428507,-249.645000000001,1.225,13.0213125,-263.891312500001,-1.0000000000000087
2025-07-30 14:14:00,2025-07-30 14:15:00,2025-07-30 14:20:00,ODFL,SHORT,110,147.4679,149.69474285714284,143.01421428571427,149.69474285714284,stop,1.113421428571426,2.226842857142852,-244.95271428571414,0.77,8.1107345,-253.83344878571415,-1.0000000000000018
2025-07-30 14:15:00,2025-07-30 14:16:00,2025-07-30 14:36:00,ODFL,SHORT,100,147.94,150.32112857142857,143.17774285714287,150.32112857142857,stop,1.190564285714284,2.381128571428568,-238.1128571428576,0.7000000000000001,7.397,-246.20985714285757,-1.0000000000000033
2025-07-30 14:19:00,2025-07-30 14:20:00,2025-07-30 15:20:00,ODFL,SHORT,85,149.525,152.25988571428573,144.05522857142856,146.19,time,1.36744285714286,2.73488571428572,283.4750000000007,0.7,6.3548125,276.42018750000074,1.2194293833119172
2025-07-31 13:30:00,2025-07-31 13:31:00,2025-07-31 14:31:00,CHRW,SHORT,121,112.295,114.27964285714286,108.3257142857143,113.1931,time,0.9923214285714265,1.984642857142853,-108.67009999999993,0.847,6.7938475,-116.31094749999993,-0.4525247435666733
2025-07-31 13:32:00,2025-07-31 13:33:00,2025-07-31 14:33:00,CHRW,SHORT,89,112.18,114.8325,106.87500000000001,113.13,time,1.3262499999999977,2.6524999999999954,-84.54999999999899,0.7,4.9920100000000005,-90.242009999999,-0.3581526861451424
2025-07-31 13:33:00,2025-07-31 13:34:00,2025-07-31 13:45:00,MAS,SHORT,223,71.89,72.94857142857143,69.77285714285713,69.77285714285713,target,0.529285714285715,1.05857142857143,472.1228571428592,1.561,8.015735,462.5461221428592,2.0000000000000058
2025-08-05 13:30:00,2025-08-05 13:31:00,2025-08-05 13:41:00,FIS,SHORT,275,76.09,76.98254285714286,74.30491428571428,74.30491428571428,target,0.4462714285714305,0.892542857142861,490.89857142857517,1.925,10.462375,478.51119642857515,2.0000000000000067
2025-08-06 15:00:00,2025-08-06 15:01:00,2025-08-06 15:06:00,NRG,LONG,270,150.26,149.31614285714286,152.14771428571427,149.31614285714286,stop,0.47192857142856937,0.9438571428571387,-254.84142857142416,1.8900000000000001,20.2851,-277.01652857142415,-0.999999999999987
2025-08-06 14:59:00,2025-08-06 15:00:00,2025-08-06 15:05:00,IFF,LONG,526,66.955,66.48071428571428,67.90357142857142,66.48071428571428,stop,0.23714285714285768,0.47428571428571537,-249.4742857142852,3.682,17.609165,-270.7654507142852,-0.9999999999999957
2025-08-06 15:08:00,2025-08-06 15:09:00,2025-08-06 15:53:00,IFF,LONG,339,65.38,64.66071428571428,66.81857142857142,65.225,time,0.3596428571428559,0.7192857142857118,-52.545000000000385,2.373,11.08191,-65.99991000000038,-0.21549155908639758
2025-08-06 15:09:00,2025-08-06 15:10:00,2025-08-06 15:53:00,IFF,LONG,251,65.08,64.11428571428571,67.01142857142857,65.225,time,0.4828571428571417,0.9657142857142834,36.394999999999,1.7570000000000001,8.16754,26.470459999999,0.15014792899407908
2025-08-06 14:26:00,2025-08-06 14:27:00,2025-08-06 14:31:00,TECH,LONG,345,49.86,49.15442857142857,51.27114285714286,49.15442857142857,stop,0.3527857142857153,0.7055714285714306,-243.4221428571439,2.415,8.600850000000001,-254.4379928571439,-1.0000000000000013
2025-08-07 14:07:00,2025-08-07 14:08:00,2025-08-07 15:08:00,AMD,LONG,206,171.62,170.4651142857143,173.92977142857143,172.79,time,0.5774428571428538,1.1548857142857076,241.01999999999742,1.442,17.67686,221.9011399999974,1.013087256624027
2025-08-07 14:08:00,2025-08-07 14:09:00,2025-08-07 15:09:00,AMD,LONG,210,171.2799,170.1251,173.5895,173.285,time,0.5773999999999972,1.1547999999999945,421.07099999999974,1.47,17.984389500000002,401.6166104999997,1.7363179771389057
2025-08-07 14:09:00,2025-08-07 14:10:00,2025-08-07 15:10:00,AMD,LONG,221,171.8025,170.67055714285715,174.0663857142857,173.23,time,0.565971428571424,1.131942857142848,315.47749999999576,1.547,18.98417625,294.9463237499957,1.2611060629006947
2025-08-07 13:30:00,2025-08-07 13:31:00,2025-08-07 13:54:00,LLY,SHORT,20,665.9,678.7099285714286,640.2801428571429,640.2801428571429,target,6.404964285714284,12.809928571428568,512.3971428571417,0.7,6.659,505.03814285714174,1.9999999999999962
2025-08-07 14:06:00,2025-08-07 14:07:00,2025-08-07 14:30:00,COIN,LONG,102,313.96,311.3640428571428,319.15191428571427,311.3640428571428,stop,1.2979785714285745,2.595957142857149,-264.7876285714317,0.714,16.01196,-281.5135885714317,-1.0000000000000093
2025-08-07 14:07:00,2025-08-07 14:08:00,2025-08-07 14:30:00,COIN,LONG,102,314.33,311.7735571428571,319.4428857142857,311.7735571428571,stop,1.2782214285714295,2.556442857142859,-260.7571714285741,0.714,16.03083,-277.5020014285741,-1.0000000000000095
2025-08-07 14:08:00,2025-08-07 14:09:00,2025-08-07 15:02:00,COIN,LONG,95,313.53,310.83862857142856,318.91274285714286,310.83862857142856,stop,1.3456857142857157,2.6913714285714314,-255.68028571428442,0.7,14.892674999999999,-271.2729607142844,-0.9999999999999939
2025-08-07 13:47:00,2025-08-07 13:48:00,2025-08-07 13:52:00,FTNT,LONG,205,71.775,70.55680000000001,74.2114,70.55680000000001,stop,0.609099999999999,1.218199999999998,-249.73099999999917,1.435,7.356937500000001,-258.52293749999916,-0.9999999999999983
2025-08-07 13:48:00,2025-08-07 13:49:00,2025-08-07 13:54:00,FTNT,LONG,204,71.485,70.28452857142857,73.88594285714285,70.28452857142857,stop,0.6002357142857134,1.2004714285714269,-244.8961714285723,1.428,7.29147,-253.6156414285723,-1.0000000000000049
2025-08-07 13:49:00,2025-08-07 13:50:00,2025-08-07 14:50:00,FTNT,LONG,206,70.93,69.76597142857143,73.25805714285714,72.2,time,0.5820142857142849,1.1640285714285699,261.6199999999992,1.442,7.305790000000001,252.8722099999992,1.0910385115731063
2025-08-07 13:50:00,2025-08-07 13:51:00,2025-08-07 14:51:00,FTNT,LONG,214,70.975,69.82954285714285,73.26591428571429,72.13,time,0.5727285714285719,1.1454571428571438,247.17000000000024,1.498,7.5943249999999995,238.07767500000026,1.0083310468683746
2025-08-07 14:07:00,2025-08-07 14:08:00,2025-08-07 14:26:00,FTNT,LONG,312,71.695,70.89644285714284,73.29211428571428,70.89644285714284,stop,0.3992785714285724,0.7985571428571449,-249.14982857143048,2.184,11.18442,-262.5182485714305,-1.000000000000005
2025-08-07 13:45:00,2025-08-07 13:46:00,2025-08-07 14:46:00,VST,LONG,53,204.32,199.7225467142857,213.51490657142858,209.55,time,2.298726642857145,4.59745328571429,277.19000000000096,0.7,5.414479999999999,271.07552000000095,1.1375863276852092
2025-08-07 14:04:00,2025-08-07 14:05:00,2025-08-07 15:05:00,VST,LONG,98,207.785,205.2344,212.8862,208.195,time,1.2753000000000034,2.550600000000007,40.179999999999666,0.7,10.181465000000001,29.29853499999966,0.16074649102171862
2025-08-07 14:30:00,2025-08-07 14:31:00,2025-08-07 14:44:00,VST,SHORT,118,206.91,209.02405714285715,202.6818857142857,209.02405714285715,stop,1.0570285714285725,2.114057142857145,-249.4587428571436,0.8260000000000001,12.207690000000001,-262.49243285714357,-1.000000000000002
2025-08-07 14:05:00,2025-08-07 14:06:00,2025-08-07 14:24:00,DDOG,LONG,108,142.36,140.09667142857145,146.88665714285713,140.09667142857145,stop,1.1316642857142776,2.263328571428555,-244.4394857142844,0.756,7.6874400000000005,-252.8829257142844,-1.0000000000000018
2025-08-07 14:06:00,2025-08-07 14:07:00,2025-08-07 14:19:00,DDOG,LONG,100,143.24,140.83810000000003,148.04379999999998,140.83810000000003,stop,1.2009499999999917,2.4018999999999835,-240.18999999999835,0.7000000000000001,7.162,-248.05199999999834,-1.0
2025-08-07 14:07:00,2025-08-07 14:08:00,2025-08-07 14:21:00,DDOG,LONG,98,142.62,140.24200000000002,147.37599999999998,140.24200000000002,stop,1.188999999999991,2.377999999999982,-233.04399999999862,0.7,6.98838,-240.7323799999986,-1.0000000000000018
2025-08-07 14:08:00,2025-08-07 14:09:00,2025-08-07 14:31:00,DDOG,LONG,98,141.42,139.085,146.08999999999995,139.085,stop,1.1674999999999918,2.3349999999999835,-228.829999999998,0.7,6.929579999999999,-236.45957999999797,-0.9999999999999983
2025-08-07 14:09:00,2025-08-07 14:10:00,2025-08-07 14:27:00,DDOG,LONG,93,142.205,139.79828571428573,147.01842857142856,139.79828571428573,stop,1.2033571428571375,2.406714285714275,-223.82442857142868,0.7,6.6125325,-231.1369610714287,-1.0000000000000049
2025-08-07 14:08:00,2025-08-07 14:09:00,2025-08-07 14:49:00,DASH,LONG,85,261.66,259.0714571428572,266.83708571428576,266.83708571428576,target,1.2942714285714325,2.588542857142865,440.05228571428773,0.7,11.120550000000001,428.23173571428777,2.000000000000003
2025-08-07 14:11:00,2025-08-07 14:12:00,2025-08-07 14:48:00,DASH,LONG,88,260.25,257.65975714285713,265.43048571428574,265.43048571428574,target,1.2951214285714343,2.5902428571428686,455.8827428571449,0.7,11.451,443.73174285714487,2.0
2025-08-07 14:05:00,2025-08-07 14:06:00,2025-08-07 14:22:00,ALB,LONG,346,72.69,72.00034285714285,74.06931428571428,72.00034285714285,stop,0.3448285714285727,0.6896571428571454,-238.62137142857162,2.422,12.57537,-253.6187414285716,-0.9999999999999971
2025-08-07 14:06:00,2025-08-07 14:07:00,2025-08-07 14:22:00,ALB,LONG,328,72.65,71.93961428571428,74.07077142857145,71.93961428571428,stop,0.3551928571428594,0.7103857142857188,-233.00651428571643,2.2960000000000003,11.9146,-247.21711428571643,-1.0000000000000029
2025-08-07 14:07:00,2025-08-07 14:08:00,2025-08-07 14:26:00,ALB,LONG,322,72.48,71.77104285714286,73.8979142857143,71.77104285714286,stop,0.3544785714285733,0.7089571428571466,-228.28420000000057,2.254,11.66928,-242.20748000000054,-0.9999999999999972
2025-08-07 13:49:00,2025-08-07 13:50:00,2025-08-07 14:03:00,ENPH,LONG,459,31.6829,31.196057142857143,32.65658571428571,31.196057142857143,stop,0.24342142857142793,0.48684285714285586,-223.46087142857152,3.213,7.2712255500000005,-233.9450969785715,-1.000000000000003
2025-08-07 13:41:00,2025-08-07 13:42:00,2025-08-07 14:42:00,CF,LONG,76,80.865,78.01367142857143,86.56765714285714,82.9,time,1.4256642857142867,2.8513285714285734,154.66000000000082,0.7,3.07287,150.88713000000084,0.7137023843521599
2025-08-07 13:42:00,2025-08-07 13:43:00,2025-08-07 14:43:00,CF,LONG,75,81.115,78.18438571428571,86.97622857142856,82.87,time,1.4653071428571434,2.9306142857142867,131.62500000000074,0.7,3.0418125000000003,127.88318750000074,0.5988505579035143
2025-08-07 13:43:00,2025-08-07 13:44:00,2025-08-07 14:44:00,CF,LONG,75,80.955,77.9644,86.9362,82.895,time,1.4953000000000014,2.990600000000003,145.49999999999983,0.7,3.0358125,141.76418749999985,0.648699257674044
2025-08-07 13:44:00,2025-08-07 13:45:00,2025-08-07 14:45:00,CF,LONG,121,80.91,79.04082857142856,84.64834285714286,83.05,time,0.934585714285716,1.869171428571432,258.94000000000005,0.847,4.895054999999999,253.19794500000006,1.1448923128658974
2025-08-07 13:51:00,2025-08-07 13:52:00,2025-08-07 14:01:00,CF,LONG,240,80.385,79.4177142857143,82.31957142857144,82.31957142857144,target,0.4836428571428572,0.9672857142857144,464.2971428571434,1.68,9.6462,452.97094285714337,2.000000000000002
2025-08-07 14:04:00,2025-08-07 14:05:00,2025-08-07 14:21:00,CF,LONG,282,81.305,80.44937142857144,83.01625714285714,83.01625714285714,target,0.4278142857142849,0.8556285714285699,482.57451428571227,1.974,11.464005000000002,469.1365092857123,1.9999999999999953
2025-08-08 13:39:00,2025-08-08 13:40:00,2025-08-08 14:40:00,EXPE,LONG,32,196.905,189.23665714285713,212.24168571428572,196.8389,time,3.8341714285714334,7.668342857142867,-2.1152000000001863,0.7,3.15048,-5.965680000000186,-0.008619854541119708
2025-09-05 14:11:00,2025-09-05 14:12:00,2025-09-05 14:36:00,LULU,LONG,137,172.99,171.16885714285715,176.63228571428573,171.16885714285715,stop,0.9105714285714279,1.8211428571428558,-249.4965714285718,0.9590000000000001,11.849815000000001,-262.3053864285718,-1.0000000000000022
