system,direction,entry_time,entry_price,symbol,volume,exit_time,exit_price
l2-scalping,long,2026-01-15T14:32:33,49.52,INTC,20,2026-01-15T14:42:34,49.86
l2-scalping,long,2026-01-15T14:32:33,49.52,INTC,20,2026-01-15T14:42:34,49.86
l2-scalping,long,2026-01-15T14:32:35,12.56,OCUL,79,2026-01-15T14:45:02,12.59
l2-scalping,long,2026-01-15T14:32:35,12.56,OCUL,79,2026-01-15T14:45:02,12.59
l2-scalping,long,2026-01-15T14:32:37,12.56,OCUL,79,2026-01-15T14:45:04,12.59
l2-scalping,long,2026-01-15T14:32:37,12.56,OCUL,79,2026-01-15T14:45:04,12.59
l2-scalping,short,2026-01-15T14:32:38,49.48,INTC,20,2026-01-15T14:42:38,49.92
l2-scalping,short,2026-01-15T14:32:38,49.48,INTC,20,2026-01-15T14:42:38,49.92
l2-scalping,long,2026-01-15T14:32:40,49.5,INTC,20,2026-01-15T14:42:40,49.93
l2-scalping,long,2026-01-15T14:32:40,49.5,INTC,20,2026-01-15T14:42:40,49.93
l2-scalping,short,2026-01-15T14:32:51,12.52,OCUL,79,2026-01-15T14:45:06,12.59
l2-scalping,short,2026-01-15T14:32:51,12.55,OCUL,79,2026-01-15T14:45:06,12.59
l2-scalping,short,2026-01-15T14:32:51,12.52,OCUL,79,2026-01-15T14:45:07,12.61
l2-scalping,short,2026-01-15T14:32:51,12.55,OCUL,79,2026-01-15T14:45:07,12.61
l2-scalping,short,2026-01-15T14:32:53,12.48,OCUL,21,2026-01-15T14:45:08,12.61
l2-scalping,short,2026-01-15T14:32:53,12.48,OCUL,21,2026-01-15T14:45:08,12.61
l2-scalping,long,2026-01-15T14:32:54,49.49,INTC,19,2026-01-15T14:42:54,50.06
l2-scalping,long,2026-01-15T14:32:54,49.49,INTC,19,2026-01-15T14:42:54,50.06
l2-scalping,long,2026-01-15T14:32:56,49.52,INTC,20,2026-01-15T14:42:56,49.96
l2-scalping,long,2026-01-15T14:32:56,49.52,INTC,20,2026-01-15T14:42:56,49.96
l2-scalping,long,2026-01-15T14:33:02,49.6,INTC,19,2026-01-15T14:43:03,50.04
l2-scalping,long,2026-01-15T14:33:02,49.6,INTC,19,2026-01-15T14:43:03,50.04
l2-scalping,short,2026-01-15T14:33:13,49.65,INTC,19,2026-01-15T14:43:16,50.03
l2-scalping,short,2026-01-15T14:33:13,49.65,INTC,19,2026-01-15T14:43:16,50.03
l2-scalping,short,2026-01-15T14:33:27,49.73,INTC,19,2026-01-15T14:43:28,50.14
l2-scalping,short,2026-01-15T14:33:27,49.73,INTC,19,2026-01-15T14:43:28,50.14
l2-scalping,short,2026-01-15T14:33:28,49.7,INTC,19,2026-01-15T14:43:29,50.13
l2-scalping,short,2026-01-15T14:33:28,49.7,INTC,19,2026-01-15T14:43:29,50.13
l2-scalping,short,2026-01-15T14:33:31,49.55,INTC,19,2026-01-15T14:43:34,50.14
l2-scalping,short,2026-01-15T14:33:31,49.55,INTC,19,2026-01-15T14:43:34,50.14
l2-scalping,long,2026-01-15T14:33:33,49.6,INTC,19,2026-01-15T14:43:38,50.17
l2-scalping,long,2026-01-15T14:33:33,49.6,INTC,19,2026-01-15T14:43:38,50.17
l2-scalping,long,2026-01-15T14:33:40,49.76,INTC,19,2026-01-15T14:43:42,50.24
l2-scalping,long,2026-01-15T14:33:40,49.76,INTC,19,2026-01-15T14:43:42,50.24
l2-scalping,long,2026-01-15T14:33:42,49.84,INTC,20,2026-01-15T14:51:02,49.67
l2-scalping,long,2026-01-15T14:33:42,49.84,INTC,20,2026-01-15T14:51:02,49.67
l2-scalping,short,2026-01-15T14:33:44,49.83,INTC,20,2026-01-15T14:55:35,49.46
l2-scalping,short,2026-01-15T14:33:44,49.83,INTC,20,2026-01-15T14:55:35,49.46
l2-scalping,short,2026-01-15T14:33:55,49.89,INTC,20,2026-01-15T14:55:40,49.49
l2-scalping,short,2026-01-15T14:33:55,49.89,INTC,20,2026-01-15T14:55:40,49.49
l2-scalping,long,2026-01-15T14:33:58,49.92,INTC,20,2026-01-15T14:55:50,49.41
l2-scalping,long,2026-01-15T14:33:58,49.92,INTC,20,2026-01-15T14:55:50,49.41
l2-scalping,short,2026-01-15T14:34:06,50.0,INTC,20,2026-01-15T14:55:56,49.47
l2-scalping,short,2026-01-15T14:34:06,50.0,INTC,20,2026-01-15T14:55:56,49.47
l2-scalping,long,2026-01-15T14:34:12,50.03,INTC,19,2026-01-15T14:55:58,49.48
l2-scalping,long,2026-01-15T14:34:12,50.03,INTC,19,2026-01-15T14:55:58,49.48
l2-scalping,short,2026-01-15T14:34:15,49.88,INTC,20,2026-01-15T14:56:02,49.44
l2-scalping,short,2026-01-15T14:34:15,49.88,INTC,20,2026-01-15T14:56:02,49.44
l2-scalping,long,2026-01-15T14:34:22,50.09,INTC,19,2026-01-15T14:56:03,49.44
l2-scalping,long,2026-01-15T14:34:22,50.09,INTC,19,2026-01-15T14:56:03,49.44
l2-scalping,long,2026-01-15T14:34:25,50.02,INTC,19,2026-01-15T14:56:08,49.47
l2-scalping,long,2026-01-15T14:34:25,50.02,INTC,19,2026-01-15T14:56:08,49.47
l2-scalping,long,2026-01-15T14:34:26,50.01,INTC,19,2026-01-15T14:56:17,49.45
l2-scalping,long,2026-01-15T14:34:26,50.01,INTC,19,2026-01-15T14:56:17,49.45
l2-scalping,short,2026-01-15T14:34:27,50.04,INTC,19,2026-01-15T14:56:22,49.47
l2-scalping,short,2026-01-15T14:34:27,50.04,INTC,19,2026-01-15T14:56:22,49.47
l2-scalping,long,2026-01-15T14:34:37,50.06,INTC,19,2026-01-15T14:56:31,49.49
l2-scalping,long,2026-01-15T14:34:37,50.06,INTC,19,2026-01-15T14:56:31,49.49
l2-scalping,long,2026-01-15T14:34:38,50.04,INTC,19,2026-01-15T14:56:37,49.35
l2-scalping,long,2026-01-15T14:34:38,50.04,INTC,19,2026-01-15T14:56:37,49.35
l2-scalping,long,2026-01-15T14:34:39,50.02,INTC,19,2026-01-15T14:56:38,49.37
l2-scalping,long,2026-01-15T14:34:39,50.02,INTC,19,2026-01-15T14:56:38,49.37
l2-scalping,long,2026-01-15T14:34:41,50.07,INTC,19,2026-01-15T14:56:44,49.4
l2-scalping,long,2026-01-15T14:34:41,50.07,INTC,19,2026-01-15T14:56:44,49.4
l2-scalping,short,2026-01-15T14:34:42,50.07,INTC,19,2026-01-15T14:56:45,49.43
l2-scalping,short,2026-01-15T14:34:42,50.07,INTC,19,2026-01-15T14:56:45,49.43
l2-scalping,short,2026-01-15T14:34:43,50.07,INTC,19,2026-01-15T14:56:46,49.43
l2-scalping,short,2026-01-15T14:34:43,50.07,INTC,19,2026-01-15T14:56:46,49.43
l2-scalping,long,2026-01-15T14:34:48,49.88,INTC,19,2026-01-15T14:56:47,49.42
l2-scalping,long,2026-01-15T14:34:48,49.88,INTC,19,2026-01-15T14:56:47,49.42
l2-scalping,long,2026-01-15T14:34:51,49.92,INTC,20,2026-01-15T14:56:50,49.42
l2-scalping,long,2026-01-15T14:34:51,49.92,INTC,20,2026-01-15T14:56:50,49.42
l2-scalping,long,2026-01-15T14:34:58,49.81,INTC,20,2026-01-15T14:56:56,49.45
l2-scalping,long,2026-01-15T14:34:58,49.81,INTC,20,2026-01-15T14:56:56,49.45
l2-scalping,short,2026-01-15T14:35:03,12.35,OCUL,58,2026-01-15T14:45:09,12.61
l2-scalping,short,2026-01-15T14:35:03,12.35,OCUL,58,2026-01-15T14:45:09,12.61
l2-scalping,long,2026-01-15T14:35:05,49.88,INTC,20,2026-01-15T14:56:58,49.43
l2-scalping,long,2026-01-15T14:35:05,49.88,INTC,20,2026-01-15T14:56:58,49.43
l2-scalping,short,2026-01-15T14:35:07,12.36,OCUL,79,2026-01-15T14:45:10,12.53
l2-scalping,short,2026-01-15T14:35:07,12.36,OCUL,79,2026-01-15T14:45:10,12.53
l2-scalping,short,2026-01-15T14:35:09,49.76,INTC,20,2026-01-15T14:57:01,49.43
l2-scalping,short,2026-01-15T14:35:09,49.76,INTC,20,2026-01-15T14:57:01,49.43
l2-scalping,long,2026-01-15T14:35:12,49.82,INTC,20,2026-01-15T14:57:07,49.4
l2-scalping,long,2026-01-15T14:35:12,49.82,INTC,20,2026-01-15T14:57:07,49.4
l2-scalping,short,2026-01-15T14:35:14,49.8,INTC,20,2026-01-15T14:57:08,49.43
l2-scalping,short,2026-01-15T14:35:14,49.8,INTC,20,2026-01-15T14:57:08,49.43
l2-scalping,short,2026-01-15T14:35:21,49.88,INTC,20,2026-01-15T14:57:11,49.43
l2-scalping,short,2026-01-15T14:35:21,49.88,INTC,20,2026-01-15T14:57:11,49.43
l2-scalping,short,2026-01-15T14:35:22,49.85,INTC,20,2026-01-15T14:57:11,49.43
l2-scalping,short,2026-01-15T14:35:22,49.85,INTC,20,2026-01-15T14:57:11,49.43
l2-scalping,short,2026-01-15T14:35:24,49.92,INTC,20,2026-01-15T14:57:11,49.43
l2-scalping,short,2026-01-15T14:35:24,49.92,INTC,20,2026-01-15T14:57:11,49.43
l2-scalping,short,2026-01-15T14:35:30,49.93,INTC,20,2026-01-15T14:57:18,49.38
l2-scalping,short,2026-01-15T14:35:30,49.93,INTC,20,2026-01-15T14:57:18,49.38
l2-scalping,long,2026-01-15T14:35:32,49.81,INTC,20,2026-01-15T14:57:23,49.4
l2-scalping,long,2026-01-15T14:35:32,49.81,INTC,20,2026-01-15T14:57:23,49.4
l2-scalping,short,2026-01-15T14:35:36,49.76,INTC,19,2026-01-15T22:57:32.316000,50.04
l2-scalping,short,2026-01-15T14:35:36,49.76,INTC,20,2026-01-15T22:57:32.334000,49.45
l2-scalping,long,2026-01-15T14:35:39,12.26,OCUL,78,2026-01-15T14:45:40,12.53
l2-scalping,long,2026-01-15T14:35:39,49.79,INTC,20,2026-01-15T22:57:32.334000,49.45
l2-scalping,long,2026-01-15T14:35:39,12.26,OCUL,78,2026-01-15T14:45:40,12.53
l2-scalping,long,2026-01-15T14:35:39,49.79,INTC,19,2026-01-15T22:57:33.994000,50.04
l2-scalping,long,2026-01-15T14:35:42,49.76,INTC,20,2026-01-15T22:57:34.008000,49.45
l2-scalping,long,2026-01-15T14:35:42,49.76,INTC,20,2026-01-15T22:57:34.009000,49.45
l2-scalping,short,2026-01-15T14:36:25,12.25,OCUL,79,2026-01-15T14:46:45,12.46
l2-scalping,short,2026-01-15T14:36:25,12.25,OCUL,79,2026-01-15T14:46:45,12.46
l2-scalping,short,2026-01-15T14:36:38,12.07,OCUL,79,2026-01-15T14:46:45,12.46
l2-scalping,short,2026-01-15T14:36:38,12.07,OCUL,79,2026-01-15T14:46:45,12.46
l2-scalping,short,2026-01-15T14:36:40,12.06,OCUL,80,2026-01-15T14:46:53,12.5
l2-scalping,short,2026-01-15T14:36:40,12.06,OCUL,80,2026-01-15T14:46:53,12.5
l2-scalping,short,2026-01-15T14:36:50,12.06,OCUL,78,2026-01-15T14:47:03,12.47
l2-scalping,short,2026-01-15T14:36:50,12.06,OCUL,78,2026-01-15T14:47:03,12.47
l2-scalping,long,2026-01-15T14:37:16,12.09,OCUL,80,2026-01-15T14:47:16,12.5
l2-scalping,long,2026-01-15T14:37:16,12.09,OCUL,80,2026-01-15T14:47:16,12.5
l2-scalping,long,2026-01-15T14:41:53,12.63,OCUL,78,2026-01-15T14:55:54,12.46
l2-scalping,long,2026-01-15T14:41:53,12.63,OCUL,21,2026-01-15T14:55:54,12.46
l2-scalping,long,2026-01-15T14:41:53,12.63,OCUL,78,2026-01-15T14:55:54,12.46
l2-scalping,long,2026-01-15T14:41:53,12.63,OCUL,21,2026-01-15T14:55:54,12.46
l2-scalping,long,2026-01-15T14:41:56,12.63,OCUL,78,2026-01-15T14:56:33,12.45
l2-scalping,long,2026-01-15T14:41:56,12.63,OCUL,78,2026-01-15T14:56:33,12.45
l2-scalping,short,2026-01-15T14:42:10,12.59,OCUL,78,2026-01-15T14:56:35,12.46
l2-scalping,short,2026-01-15T14:42:10,12.6,OCUL,78,2026-01-15T14:56:35,12.46
l2-scalping,short,2026-01-15T14:42:10,12.59,OCUL,20,2026-01-15T14:56:40,12.46
l2-scalping,short,2026-01-15T14:42:10,12.6,OCUL,20,2026-01-15T14:56:40,12.46
l2-scalping,long,2026-01-15T14:45:15,12.54,OCUL,79,2026-01-15T14:56:48,12.45
l2-scalping,long,2026-01-15T14:45:15,12.54,OCUL,79,2026-01-15T14:56:48,12.45
l2-scalping,short,2026-01-15T14:45:20,12.52,OCUL,78,2026-01-15T14:56:50,12.43
l2-scalping,short,2026-01-15T14:45:20,12.52,OCUL,78,2026-01-15T14:56:50,12.43
l2-scalping,short,2026-01-15T14:45:21,12.52,OCUL,78,2026-01-15T14:56:51,12.44
l2-scalping,short,2026-01-15T14:45:21,12.52,OCUL,78,2026-01-15T14:56:51,12.44
l2-scalping,short,2026-01-15T14:45:22,12.52,OCUL,78,2026-01-15T14:57:08,12.42
l2-scalping,short,2026-01-15T14:45:22,12.52,OCUL,78,2026-01-15T14:57:08,12.42
l2-scalping,short,2026-01-15T14:45:23,12.52,OCUL,64,2026-01-15T14:57:11,12.42
l2-scalping,short,2026-01-15T14:45:23,12.52,OCUL,14,2026-01-15T14:57:11,12.42
l2-scalping,short,2026-01-15T14:45:23,12.52,OCUL,64,2026-01-15T14:58:27,12.5
l2-scalping,short,2026-01-15T14:45:23,12.52,OCUL,14,2026-01-15T14:58:27,12.5
l2-scalping,short,2026-01-15T14:45:24,12.52,OCUL,78,2026-01-15T14:59:51,12.36
l2-scalping,short,2026-01-15T14:45:24,12.52,OCUL,78,2026-01-15T14:59:51,12.36
l2-scalping,long,2026-01-15T14:45:27,12.55,OCUL,79,2026-01-15T15:00:11,12.33
l2-scalping,long,2026-01-15T14:45:27,12.55,OCUL,79,2026-01-15T15:00:11,12.33
l2-scalping,short,2026-01-15T14:45:32,12.48,OCUL,78,2026-01-15T15:00:22,12.32
l2-scalping,short,2026-01-15T14:45:32,12.48,OCUL,78,2026-01-15T15:00:22,12.32
l2-scalping,short,2026-01-15T14:45:35,12.49,OCUL,78,2026-01-15T15:00:32,12.26
l2-scalping,short,2026-01-15T14:45:35,12.49,OCUL,78,2026-01-15T15:00:32,12.26
l2-scalping,short,2026-01-15T14:45:36,12.49,OCUL,78,2026-01-15T15:00:56,12.32
l2-scalping,short,2026-01-15T14:45:36,12.49,OCUL,78,2026-01-15T15:00:56,12.32
l2-scalping,short,2026-01-15T14:45:37,12.49,OCUL,78,2026-01-15T15:01:17,12.26
l2-scalping,short,2026-01-15T14:45:37,12.49,OCUL,78,2026-01-15T15:01:17,12.26
l2-scalping,short,2026-01-15T14:45:38,12.52,OCUL,78,2026-01-15T15:01:58,12.19
l2-scalping,short,2026-01-15T14:45:38,12.52,OCUL,78,2026-01-15T15:01:58,12.19
l2-scalping,short,2026-01-15T14:45:42,12.53,OCUL,78,2026-01-15T15:02:10,12.12
l2-scalping,short,2026-01-15T14:45:42,12.53,OCUL,78,2026-01-15T15:02:10,12.12
l2-scalping,long,2026-01-15T14:45:48,12.55,OCUL,79,2026-01-15T15:02:20,12.04
l2-scalping,long,2026-01-15T14:45:48,12.55,OCUL,79,2026-01-15T15:02:20,12.04
l2-scalping,long,2026-01-15T14:45:53,12.55,OCUL,79,2026-01-15T15:02:30,12.0
l2-scalping,long,2026-01-15T14:45:53,12.55,OCUL,79,2026-01-15T15:02:30,12.0
l2-scalping,long,2026-01-15T14:45:54,12.55,OCUL,79,2026-01-15T15:02:41,12.03
l2-scalping,long,2026-01-15T14:45:54,12.53,OCUL,79,2026-01-15T15:02:41,12.03
l2-scalping,long,2026-01-15T14:45:54,12.55,OCUL,79,2026-01-15T15:03:49,11.88
l2-scalping,long,2026-01-15T14:45:54,12.53,OCUL,79,2026-01-15T15:03:49,11.88
l2-scalping,long,2026-01-15T14:46:03,12.53,OCUL,21,2026-01-15T15:05:02,11.88
l2-scalping,long,2026-01-15T14:46:03,12.53,OCUL,21,2026-01-15T15:05:02,11.88
l2-scalping,long,2026-01-15T14:46:05,12.52,OCUL,80,2026-01-15T15:05:34,11.83
l2-scalping,long,2026-01-15T14:46:05,12.52,OCUL,80,2026-01-15T15:05:34,11.83
l2-scalping,long,2026-01-15T14:46:06,12.53,OCUL,79,2026-01-15T15:05:48,11.77
l2-scalping,long,2026-01-15T14:46:06,12.53,OCUL,79,2026-01-15T15:05:48,11.77
l2-scalping,long,2026-01-15T14:46:08,12.44,OCUL,79,2026-01-15T15:06:21,11.71
l2-scalping,long,2026-01-15T14:46:08,12.44,OCUL,79,2026-01-15T15:06:21,11.71
l2-scalping,long,2026-01-15T14:46:09,12.42,OCUL,79,2026-01-15T15:08:30,11.57
l2-scalping,long,2026-01-15T14:46:09,12.42,OCUL,79,2026-01-15T15:08:30,11.57
l2-scalping,short,2026-01-15T14:46:13,12.41,OCUL,78,2026-01-15T15:10:07,11.43
l2-scalping,short,2026-01-15T14:46:13,12.41,OCUL,17,2026-01-15T15:10:07,11.43
l2-scalping,short,2026-01-15T14:46:13,12.41,OCUL,61,2026-01-15T15:11:36,11.48
l2-scalping,short,2026-01-15T14:46:13,12.41,OCUL,78,2026-01-15T15:11:36,11.48
l2-scalping,short,2026-01-15T14:46:13,12.41,OCUL,17,2026-01-15T15:11:46,11.5
l2-scalping,short,2026-01-15T14:46:13,12.41,OCUL,61,2026-01-15T15:11:46,11.5
l2-scalping,short,2026-01-15T14:47:03,12.47,OCUL,78,2026-01-15T15:12:08,11.5
l2-scalping,short,2026-01-15T14:47:03,12.47,OCUL,78,2026-01-15T15:12:08,11.5
l2-scalping,short,2026-01-15T14:47:35,12.36,OCUL,79,2026-01-15T15:13:26,11.5
l2-scalping,short,2026-01-15T14:47:35,12.36,OCUL,79,2026-01-15T15:13:26,11.5
l2-scalping,short,2026-01-15T14:47:36,12.36,OCUL,79,2026-01-15T15:14:26,11.5
l2-scalping,short,2026-01-15T14:47:36,12.36,OCUL,79,2026-01-15T15:14:26,11.5
l2-scalping,long,2026-01-15T14:47:38,12.4,OCUL,80,2026-01-15T15:15:44,11.33
l2-scalping,long,2026-01-15T14:47:38,12.4,OCUL,80,2026-01-15T15:15:44,11.33
l2-scalping,long,2026-01-15T14:47:48,12.39,OCUL,81,2026-01-15T15:16:04,11.36
l2-scalping,long,2026-01-15T14:47:48,12.39,OCUL,81,2026-01-15T15:16:04,11.36
l2-scalping,long,2026-01-15T14:47:49,12.37,OCUL,81,2026-01-15T15:16:15,11.34
l2-scalping,long,2026-01-15T14:47:49,12.37,OCUL,81,2026-01-15T15:16:15,11.34
l2-scalping,long,2026-01-15T14:47:50,12.37,OCUL,19,2026-01-15T15:16:38,11.38
l2-scalping,long,2026-01-15T14:47:50,12.37,OCUL,19,2026-01-15T15:16:38,11.38
l2-scalping,long,2026-01-15T14:47:56,12.37,OCUL,81,2026-01-15T15:16:49,11.46
l2-scalping,long,2026-01-15T14:47:56,12.37,OCUL,81,2026-01-15T15:16:49,11.46
l2-scalping,long,2026-01-15T14:48:02,12.39,OCUL,80,2026-01-15T15:17:00.568700,11.43
l2-scalping,long,2026-01-15T14:48:02,12.39,OCUL,80,2026-01-15T15:17:12,11.39
l2-scalping,long,2026-01-15T14:48:04,12.33,OCUL,81,2026-01-15T15:17:12,11.39
l2-scalping,long,2026-01-15T14:48:04,12.33,OCUL,81,2026-01-15T15:17:53,11.36
l2-scalping,short,2026-01-15T14:48:16,12.27,OCUL,80,2026-01-15T15:17:53,11.36
l2-scalping,short,2026-01-15T14:48:16,12.27,OCUL,80,2026-01-15T15:18:04,11.32
l2-scalping,short,2026-01-15T14:48:17,12.27,OCUL,50,2026-01-15T15:18:04,11.32
l2-scalping,short,2026-01-15T14:48:17,12.27,OCUL,30,2026-01-15T15:18:15,11.3
l2-scalping,short,2026-01-15T14:48:17,12.27,OCUL,50,2026-01-15T15:18:15,11.3
l2-scalping,short,2026-01-15T14:48:17,12.27,OCUL,30,2026-01-15T15:18:47,11.28
l2-scalping,short,2026-01-15T14:48:19,12.3,OCUL,81,2026-01-15T15:18:47,11.28
l2-scalping,short,2026-01-15T14:48:19,12.3,OCUL,81,2026-01-15T15:19:16,11.29
l2-scalping,long,2026-01-15T14:48:38,12.3,OCUL,81,2026-01-15T15:19:16,11.29
l2-scalping,long,2026-01-15T14:48:38,12.3,OCUL,81,2026-01-15T15:20:05,11.32
l2-scalping,long,2026-01-15T14:48:38,12.3,OCUL,81,2026-01-15T15:20:05,11.32
l2-scalping,long,2026-01-15T14:48:38,12.3,OCUL,81,2026-01-15T15:20:14,11.28
l2-scalping,long,2026-01-15T14:48:43,12.3,OCUL,81,2026-01-15T15:20:14,11.28
l2-scalping,long,2026-01-15T14:48:43,12.3,OCUL,81,2026-01-15T15:21:55,11.21
l2-scalping,short,2026-01-15T14:48:48,12.21,OCUL,80,2026-01-15T15:21:55,11.21
l2-scalping,short,2026-01-15T14:48:48,12.21,OCUL,80,2026-01-15T15:23:27,11.2
l2-scalping,short,2026-01-15T14:48:50,12.2,OCUL,52,2026-01-15T15:23:27,11.2
l2-scalping,short,2026-01-15T14:48:50,12.2,OCUL,52,2026-01-15T15:24:12,11.1
l2-scalping,short,2026-01-15T14:48:59,12.25,OCUL,80,2026-01-15T15:24:12,11.1
l2-scalping,short,2026-01-15T14:48:59,12.25,OCUL,80,2026-01-15T15:24:35,11.11
l2-scalping,short,2026-01-15T14:49:05,12.25,OCUL,79,2026-01-15T15:24:35,11.11
l2-scalping,short,2026-01-15T14:49:05,12.25,OCUL,79,2026-01-15T15:24:47,11.12
l2-scalping,short,2026-01-15T14:49:06,12.25,OCUL,21,2026-01-15T15:24:47,11.12
l2-scalping,short,2026-01-15T14:49:06,12.25,OCUL,21,2026-01-15T15:24:58,11.11
l2-scalping,long,2026-01-15T14:49:18,12.23,OCUL,81,2026-01-15T15:24:58,11.11
l2-scalping,long,2026-01-15T14:49:18,12.23,OCUL,81,2026-01-15T15:25:52,11.14
l2-scalping,long,2026-01-15T14:49:30,12.18,OCUL,81,2026-01-15T15:25:52,11.14
l2-scalping,long,2026-01-15T14:49:30,12.18,OCUL,81,2026-01-15T15:26:05,11.16
l2-scalping,short,2026-01-15T14:49:35,12.11,OCUL,80,2026-01-15T15:26:05,11.16
l2-scalping,short,2026-01-15T14:49:35,12.11,OCUL,80,2026-01-15T15:26:16,11.2
l2-scalping,long,2026-01-15T14:49:39,12.13,OCUL,82,2026-01-15T15:26:16,11.2
l2-scalping,long,2026-01-15T14:49:39,12.13,OCUL,82,2026-01-15T15:27:01,11.26
l2-scalping,short,2026-01-15T14:49:47,12.09,OCUL,82,2026-01-15T15:27:01,11.26
l2-scalping,short,2026-01-15T14:49:47,12.09,OCUL,82,2026-01-15T15:28:46,11.18
l2-scalping,long,2026-01-15T14:49:58,12.07,OCUL,83,2026-01-15T15:28:46,11.18
l2-scalping,long,2026-01-15T14:49:58,12.07,OCUL,83,2026-01-15T15:29:31,11.13
l2-scalping,long,2026-01-15T14:50:07,12.06,OCUL,83,2026-01-15T15:29:31,11.13
l2-scalping,long,2026-01-15T14:50:07,12.06,OCUL,83,2026-01-15T15:31:13,11.07
l2-scalping,long,2026-01-15T14:50:14,12.07,OCUL,82,2026-01-15T15:31:13,11.07
l2-scalping,long,2026-01-15T14:50:14,12.07,OCUL,82,2026-01-15T15:31:24,11.08
l2-scalping,long,2026-01-15T14:50:18,12.1,OCUL,82,2026-01-15T15:31:24,11.08
l2-scalping,long,2026-01-15T14:50:18,12.1,OCUL,82,2026-01-15T15:35:45,11.03
l2-scalping,short,2026-01-15T14:50:20,12.06,OCUL,82,2026-01-15T15:35:45,11.03
l2-scalping,short,2026-01-15T14:50:20,12.06,OCUL,82,2026-01-15T15:36:13,11.06
l2-scalping,long,2026-01-15T14:50:24,12.12,OCUL,82,2026-01-15T15:36:13,11.06
l2-scalping,long,2026-01-15T14:50:24,12.12,OCUL,9,2026-01-15T15:36:24,11.06
l2-scalping,long,2026-01-15T14:50:53,12.12,OCUL,9,2026-01-15T15:36:24,11.06
l2-scalping,long,2026-01-15T14:50:53,12.12,OCUL,84,2026-01-15T15:36:34,11.05
l2-scalping,long,2026-01-15T14:50:54,12.12,OCUL,84,2026-01-15T15:36:34,11.05
l2-scalping,long,2026-01-15T14:50:54,12.12,OCUL,84,2026-01-15T15:38:15,11.2
l2-scalping,long,2026-01-15T14:51:23,12.24,OCUL,83,2026-01-15T15:38:15,11.2
l2-scalping,long,2026-01-15T14:51:23,12.24,OCUL,79,2026-01-15T22:57:32.320000,12.59
l2-scalping,short,2026-01-15T22:57:32.331000,12.22,OCUL,80,2026-01-15T23:17:00.568000,11.43
intraday-paper,long,2026-01-15T15:30:01,26.47,CMCL,100,2026-01-15T15:30:01,26.48
intraday-paper,long,2026-01-15T15:30:05,47.97,INTC,100,2026-01-15T15:30:06,47.95
intraday-paper,short,2026-01-15T15:29:54,10.24,RILY,100,2026-01-15T15:30:32,10.21
