symbol,type,horizon_sec,n_levels,mean_ret_bps,std_ret_bps,t_stat,p_value,sharpe,n_obs,win_rate
ACHR,support,30,2,0.3442951425389285,6.028518544032064,3.4833070945264515,0.0005009702350911027,138.68468150264658,3720,0.11129032258064517
ACHR,support,60,2,0.7406893282546155,8.713419938424066,5.163695513529013,2.5491706590052843e-07,206.42183832721875,3690,0.18590785907859078
ACHR,support,120,2,1.7115871814464978,12.228389501311185,8.446946285323994,0.0,339.8896662738746,3642,0.29873695771554093
ACHR,support,300,2,5.245110322840963,19.24417229205066,16.298744280784113,0.0,661.8561214647682,3576,0.5604026845637584
BE,support,30,1,-5.787940167954647,12.663240101932967,-9.908961033336631,0.0,-1109.9090452068695,470,0.3617021276595745
BE,support,60,1,-11.93682000649701,17.149701449333847,-15.089714057649253,0.0,-1690.2084957064924,470,0.28085106382978725
BE,support,120,1,-26.621508292957554,17.724406141467167,-32.561911649524774,0.0,-3647.2804916122323,470,0.02127659574468085
BE,support,300,1,-57.74585144049787,20.276388384870454,-61.741775867911095,0.0,-6915.735693417544,470,0.0
HAL,support,30,4,0.21059130989235927,1.708522021404198,10.409396043387074,0.0,299.31471217070947,7132,0.09169938306225463
HAL,resistance,30,1,-0.05530113479317916,1.2284338534678636,-4.722343321563227,2.360233213316576e-06,-109.317695031578,11004,0.06270447110141766
HAL,support,60,4,0.41637002817247887,2.3948905900364457,14.682481068843693,0.0,422.1842051888028,7132,0.14624228827818284
HAL,resistance,60,1,-0.11639881788355042,1.628973081456327,-7.495661276969845,7.105427357601002e-14,-173.517331913206,11004,0.09033078880407125
HAL,support,120,4,1.6728779762127206,15.724573478467024,8.98444090830837,0.0,258.3411499837647,7132,0.22546270330902973
HAL,resistance,120,1,-0.28738281156436857,2.4491807356965314,-12.30878668763669,0.0,-284.93654478353227,11004,0.1341330425299891
HAL,support,300,4,5.842963015225603,32.41829929133205,15.221188949847807,0.0,437.67436366435385,7132,0.3997476163768929
HAL,resistance,300,1,-0.6503173892603873,4.098276640239744,-16.645597436390045,0.0,-385.32953245071263,11004,0.22500908760450744
INTC,support,30,1,0.6126631217172102,5.282968677913339,4.470469213007472,8.397620534728034e-06,281.6124835977556,1486,0.4899057873485868
INTC,resistance,30,1,0.9040319045737487,6.084096708407834,5.986140540855283,2.639924723268905e-09,360.82435839276485,1623,0.5194085027726433
INTC,support,60,1,0.7775647077335175,6.161181382553333,4.86498998759875,1.2663960831105214e-06,306.4649028561845,1486,0.4979811574697174
INTC,resistance,60,1,1.062972269341154,8.338404558920914,5.135683277992356,3.150731144874186e-07,309.5616634863172,1623,0.5489833641404805
INTC,support,120,1,1.35004897264206,7.957525185403251,6.540047544892179,8.43760616930922e-11,411.98338344566343,1486,0.5329744279946165
INTC,resistance,120,1,2.261534177754732,11.989140132504817,7.549989974845683,7.283063041541027e-14,458.06100138384437,1602,0.5711610486891385
INTC,support,300,1,2.2832408766835894,10.457617028412812,8.416439430485202,2.220446049250313e-16,530.1847072724837,1486,0.5329744279946165
INTC,resistance,300,1,1.9908833436442166,17.00605856301818,4.5204426582086725,6.659112842921644e-06,284.282641362521,1491,0.533869885982562
LUV,support,30,5,0.16244604578683672,3.3040907332444296,1.8526840029941207,0.06413517982690986,119.38929248282116,1420,0.36619718309859156
LUV,resistance,30,7,-0.49060488233402816,4.154693211860039,-7.244655069751665,5.233591338082988e-13,-286.74846683377723,3764,0.23698193411264612
LUV,support,60,5,0.45625338659936326,4.112798031718145,4.180352364386029,3.088598324829661e-05,269.3871757441414,1420,0.38591549295774646
LUV,resistance,60,7,-0.9564511301448083,5.895347497274958,-9.953554131354187,0.0,-393.9685684456829,3764,0.29968119022316686
LUV,support,120,5,0.9020952664839883,5.538907654554803,6.137230738899856,1.0874998679355485e-09,395.49088486591785,1420,0.46056338028169014
LUV,resistance,120,7,-1.7784525510061413,9.671085120722895,-11.28215038467134,0.0,-446.55532861739295,3764,0.32518597236981933
LUV,support,300,5,-0.05343187836629914,10.843163372683751,-0.18569004125993605,0.8527143772699026,-11.96610032326165,1420,0.38309859154929576
LUV,resistance,300,7,-2.4065820697202436,16.916734483344623,-8.727883711010442,0.0,-345.4556840511567,3764,0.4059511158342189
NVAX,support,30,1,4.096567271203461,16.08271556572526,7.391230657894707,3.5127456499139953e-13,618.5415935022829,842,0.497624703087886
NVAX,support,60,1,7.942897919088337,17.557333068629884,13.127332299457887,0.0,1098.5722695946126,842,0.6270783847980997
NVAX,support,120,1,16.042756112373223,24.195510313622385,19.23978615427582,0.0,1610.098309379328,842,0.6852731591448931
NVAX,support,300,1,38.55164775043617,37.54622376222262,29.794268471819397,0.0,2493.3593809725935,842,0.8254156769596199
NVTS,support,30,1,-2.6527910091139315,7.228334284494099,-10.749999695884725,0.0,-891.1955456112688,858,0.1317016317016317
NVTS,resistance,30,2,-0.994185157534646,9.564685215585893,-4.047121049188996,5.446744989101582e-05,-252.40897473414546,1516,0.2341688654353562
NVTS,support,60,1,-5.11409990868361,8.36593117478289,-17.905999360934523,0.0,-1484.4416113139014,858,0.12703962703962704
NVTS,resistance,60,2,-1.932011862176666,12.391118483887,-6.070841293302132,1.605401589444e-09,-378.62342341432316,1516,0.2941952506596306
NVTS,support,120,1,-8.483310918640209,10.434798773369463,-23.813594267911533,0.0,-1974.1925336687357,858,0.10372960372960373
NVTS,resistance,120,2,-3.9118012530616277,15.575366910713658,-9.778857014019636,0.0,-609.8832337804972,1516,0.32519788918205805
NVTS,support,300,1,-16.8820486958572,10.147990813056104,-48.72913780284724,0.0,-4039.7387702252477,858,0.0034965034965034965
NVTS,resistance,300,2,-5.910090244431548,19.22107517210939,-11.619315356511835,0.0,-746.6630058291845,1428,0.3431372549019608
OCUL,resistance,30,1,39.54495332627406,115.36227747929676,10.19762133352387,0.0,832.4064660281841,885,0.592090395480226
OCUL,resistance,60,1,59.86288290119762,133.89547863746805,13.300358624078452,0.0,1085.6751939572998,885,0.6802259887005649
OCUL,resistance,120,1,78.62763114437622,177.6270945596806,13.168539624182298,0.0,1074.915136854747,885,0.7322033898305085
OCUL,resistance,300,1,167.8358258021808,234.84617219994396,21.26046794629095,0.0,1735.4391196208574,885,0.7694915254237288
PFE,support,30,2,0.04805742332988753,1.426782926593096,2.8564552017586338,0.004296287765999107,81.79199044539719,7192,0.06173526140155729
PFE,resistance,30,3,0.0948216898608214,1.5929416364159732,5.274702528549125,1.365199868708089e-07,144.54931098209133,7852,0.07361181864493123
PFE,support,60,2,0.06904952996845118,2.1169313518808437,2.7661695167745517,0.0056863848233073,79.20674217018264,7192,0.10539488320355951
PFE,resistance,60,3,0.1365411443329786,2.3153017932953674,5.21572681198819,1.8779169552729513e-07,143.2069611920478,7822,0.12912298644847864
PFE,support,120,2,0.03855832942582076,2.99277181747657,1.092620748306124,0.2745969515561917,31.28619897517604,7192,0.17547274749721914
PFE,resistance,120,3,0.21897823573452596,3.299972496192968,5.8462509216258605,5.231323374488284e-09,161.13831993363212,7762,0.20587477454264363
PFE,support,300,2,-0.1384710743839121,4.682866657596199,-2.5076799616072205,0.012174526917794193,-71.80512942531459,7192,0.26140155728587317
PFE,resistance,300,3,0.7324906950339256,5.213330697813145,12.234288788280686,0.0,341.18901241087843,7582,0.3732524399894487
RILY,support,30,1,0.901191240042506,53.71034700821043,1.2660992009730745,0.20552937382241554,40.74433203961519,5694,0.18651211801896733
RILY,support,60,1,1.7598861162303068,66.73869782553453,1.9845793076358254,0.047239478895912956,64.034649335155,5664,0.3019067796610169
RILY,support,120,1,3.4014626646577164,80.25101909373976,3.172957211788934,0.0015171037689678535,102.92558672129805,5604,0.4464668094218415
RILY,support,300,1,9.24754832890181,100.2734440995832,6.795800053219407,1.1926237775128357e-11,223.9488707222616,5430,0.5607734806629834
RIOT,support,30,4,0.3434480500481319,9.46130432952814,1.9961856824140942,0.046003267185653174,88.1491729593437,3024,0.3611111111111111
RIOT,resistance,30,7,-5.465929303222966,33.11259489050297,-7.263124202047621,5.455635943008019e-13,-400.84732840493285,1936,0.4132231404958678
RIOT,support,60,4,0.8519471801513835,13.218759617130285,3.5359426504723372,0.0004124536457070782,156.50570162781625,3010,0.42657807308970097
RIOT,resistance,60,7,-11.239614326001513,48.07378093839956,-10.287167364217943,0.0,-567.7423984624489,1936,0.3760330578512397
RIOT,support,120,4,2.165505961948175,17.838376905485145,6.655773527319671,3.3367530960504155e-11,294.78966052955906,3006,0.48170326014637393
RIOT,resistance,120,7,-23.15539577769511,61.046858658573925,-16.689432291951206,0.0,-921.079436441089,1936,0.365702479338843
RIOT,support,300,4,8.122745653524115,27.029488677513452,16.31103034029079,0.0,729.7485208898343,2946,0.5885947046843177
RIOT,resistance,300,7,-61.967422070786796,92.47930590417877,-29.482991296882304,0.0,-1627.1480379489278,1936,0.253099173553719
SMR,support,30,1,-0.007932826072523795,21.885393632884952,-0.01239842448054481,0.990109857499313,-0.880200820939662,1170,0.5025641025641026
SMR,resistance,30,3,3.161981845479238,21.702817997453536,3.2773173878421105,0.001120114069964151,353.7947978540179,506,0.5573122529644269
SMR,support,60,1,-2.140838491884542,29.924424416429027,-2.4470961281510313,0.014547643436872315,-173.72659117266795,1170,0.5111111111111111
SMR,resistance,60,3,5.885693341785199,26.086428844945843,5.075259578186806,5.448653652706525e-07,547.8872577866343,506,0.6086956521739131
SMR,support,120,1,-8.430608030243429,38.872798821816666,-7.418327765994741,2.2737367544323206e-13,-526.6490270496963,1170,0.4188034188034188
SMR,resistance,120,3,2.0423980891186804,43.12444021090305,1.0653496885586555,0.28722680395564226,115.00722484361617,506,0.6205533596837944
SMR,support,300,1,-22.683088355920454,47.829372996802725,-16.22185173355823,0.0,-1151.6372290241193,1170,0.4017094017094017
SMR,resistance,300,3,6.738149691485195,81.0679143581894,1.8696784106363202,0.0621069131110521,201.83656846816396,506,0.7391304347826086
VST,support,30,4,0.34998331770846036,14.739484555058526,1.185329427219886,0.23600028612335167,57.65981525024661,2492,0.46629213483146065
VST,resistance,30,3,0.769059289147953,14.610900582866668,2.559213821720647,0.010552683424591258,127.81771094061725,2364,0.47884940778341795
VST,support,60,4,-1.1370890090010677,20.05166866339142,-2.8308571915812206,0.00467958453328543,-137.70577100177366,2492,0.41252006420545745
VST,resistance,60,3,0.41992495359718,20.774959724116684,0.9827775530526878,0.3258175426847494,49.0839710730225,2364,0.5186125211505922
VST,support,120,4,-2.677920421020411,28.07604811134419,-4.761411407528144,2.0326131442427453e-06,-231.61670990689092,2492,0.42857142857142855
VST,resistance,120,3,-0.013375021166341847,30.294375399430784,-0.021466251402949568,0.9828755371165077,-1.0721132769422521,2364,0.4906937394247039
VST,support,300,4,-6.93269803874507,40.35732883047855,-8.575390188579146,0.0,-417.14598711344274,2492,0.36597110754414125
VST,resistance,300,3,2.5183438137782197,51.86159227847733,2.3609832766819614,0.018307320492560786,117.9172585867297,2364,0.4619289340101523
